id;entry_date;name;social_security_number;job_description
1;2021-11-06;bandwidth-monitored;sensor;navigate Generic Rustic
2;2021-11-05;Ã„thiopien Forges;e-services Salad;Brandenburg Director
3;2021-11-05;Orchestrator;green Creative;Reduced
4;2021-11-06;Som calculating;Borders;parsing calculating
5;2021-11-06;Gorgeous;Coordinator Legacy;Via Lead up
6;2021-11-06;Legacy;Parkway Bayern;Pizza Berkshire programming
7;2021-11-06;Schleswig-Holstein;Multi-lateral;silver synergies
8;2021-11-06;Rheinland-Pfalz;functionalities bypassing attitude;Tools Corporate
9;2021-11-06;Greens solid;Representative end-to-end;Books back Schleswig-Holstein
10;2021-11-06;Quality-focused Music;Movies Operations applications;optical
